Company,Address
Arrow Electronics,"9201 E Dry Creek Rd,80112"
Davita HealthCare Partners,"2000 16th St, 80202"
Liberty Interactive,"12300 Liberty Blvd, 80112"
Newmont Mining,"10257 E Dry Creek Rd, 80223"
Level 3 Communications,"9800 Pyramid Ct, 80112"
Western Union,"12500 Belford Ave, 80112"
CH2M,"9193 S Jamaica St, 80112"
University of Colorodo,"1201 Larimer St, 80204"
Denver Public Schools,"900 Grant Street, Denver, 80203"
HealthOne Corportaion,"400 South Monaco Street,  80237"
SCL Health System,"2420 W. 26th Avenue,80211"
Centura Health,"188 Inverness Drive West, 80112"
Lockheed Martin Corporation,"7400 S Tuscon Way, 80112"
Lockheed Martin Corporation,"12257 South Wadsworth Boulevard, 80125"
CenturyLink,"700 West Mineral Avenue, 80120"
Kaiser Permanente,"100535 East Dakota Avenue, 80247"
Denver Health,"777 Bannock Street, 80204"
Comcast Corporation,"188 Inverness Drive West, 80112"
Children's Hospital Colorodo,"13123 East 16th Avenue, 80045"
United Airlines,"8900 Pena Boulevard,80249"
University of Colorodo Hospital,"12605 E 16th Ave, 80045"
Wells Fargo,"1740 South Broadway, 80274"
DISH Network,"4700 South Syracuse Street, 80112"
Aurora Public Schools,"15701 East First Avenue, 80011"
IBM,"4700 South Syracuse Street, 80237"
University of Denver,"2199 South University Boulevard, 80208"
UPS,"5300 East 56th Avenue, 80022"
Ball Corporation,"10 Longs Peak Drive, 80021"
Frontier Airlines,"7001 Tower Road, 80249"
Oracle,"7604 Technology Way, 80237"
Transportation Safety Office (Govt.),"4201 E Arkansas Ave, 80222"
Park Meadows Mall,"8401 S Park Meadows Center Dr,80124"
Littleton Adventist Hospital, "7700 S Broadway, 80122"
Starz Entertainment, "8900 Liberty Circle, 80112"
Centenial Airport, "7800 S Peoria St,CO 80112"
United Launch Alliance, "9501 E Panorama Circle, 80112"